design_group,mean_abs_bias_naive,mean_abs_bias_fn,mean_abs_var_naive,mean_abs_var_fn,mean_cover_naive,mean_cover_fn,mean_rmse_naive,mean_rmse_fn,mean_abs_bias_delta,mean_abs_bias_safe,mean_abs_var_delta,mean_abs_var_safe,mean_cover_delta,mean_cover_safe,mean_rmse_delta,mean_rmse_safe
indep_equal,0.06850414760184478,0.10566107362882093,15.043975227562377,17.38207529466258,0.9609411111111111,0.9569772222222223,0.49877591502536217,0.4786580897655524,0.1029439447293704,0.07951037806677179,93.2683075325558,37.027918777300606,0.9093956310334032,0.8877992218160072,0.41349968589380265,0.4840022335753143
indep_unequal,0.06912747799034921,0.11355939893717194,16.68001737178074,19.540937385969432,0.9620288888888889,0.9578923611111111,0.52936987407518,0.5058143608390163,0.16639031990494074,0.1355107600450205,101.92869176089084,39.478732902375356,0.8911631811601419,0.8617827633125206,0.4809870327821343,0.5484388242134344
paired,0.11128260106929279,0.11810089706003901,8.573565733015078,8.282511029804972,0.9586227777777778,0.9556576388888889,0.44002195352234097,0.4381003310008988,0.04470971825822466,0.024896057807533317,32.35865648713926,17.43126749344623,0.930824247356744,0.9264577465849178,0.29795981782950315,0.34183048043219816
