design_group,mean_abs_bias_naive,mean_abs_bias_fn,mean_abs_var_naive,mean_abs_var_fn,mean_cover_naive,mean_cover_fn,mean_rmse_naive,mean_rmse_fn
indep_equal,0.06856054169597738,0.10571316539280844,15.259843717877624,17.651271126751567,0.9608098611111111,0.9568588888888889,0.49853786589086696,0.4784009618430468
indep_unequal,0.06904273023508174,0.11353844405421877,16.797032460099096,19.695130744070788,0.9619715277777777,0.9577426388888889,0.5293033208524919,0.5056585669502603
paired,0.11094780028143465,0.11776085411243187,8.708416038338468,8.486469861477001,0.9586848611111111,0.9557256944444444,0.43952909027833914,0.4376056716151433
