design_group,mean_abs_bias_naive,mean_abs_bias_fn,mean_abs_var_naive,mean_abs_var_fn,mean_cover_naive,mean_cover_fn,mean_rmse_naive,mean_rmse_fn
indep_equal,0.0998605058849078,0.13696377173201998,15.115148400520681,17.47982257348179,0.9584552777777777,0.9543906944444445,0.5060886532037931,0.49552622818551734
indep_unequal,0.10727752146143912,0.15174551359605096,16.76324216224459,19.619146449528298,0.9590134722222222,0.9547176388888888,0.5391544473179715,0.5274631844000819
paired,0.1156015214019131,0.12242515033936593,8.657962099787133,8.405662276942161,0.9595959722222223,0.9569004166666667,0.4408438918175502,0.4396774427730926
