method,mean_abs_bias,mean_abs_relbias_var,mean_coverage,mean_rmse
Naive |d|,0.08285035740416459,13.588430738771729,0.96048875,0.4891234256738993
Folded-normal |d|,0.11233748785315303,15.277623910766453,0.9567757407407408,0.4738884001361502
