family,method,mean_abs_bias,mean_abs_relbias_var,mean_coverage,mean_rmse
|d|,Naive |d|,0.08285035740416459,13.588430738771729,0.96048875,0.4891234256738993
|d|,Folded-normal |d|,0.11233748785315303,15.277623910766453,0.9567757407407408,0.4738884001361502
lnM,Delta lnM,0.10533319295011288,77.9632070452951,0.9102396804206763,0.3985639436286863
lnM,SAFE lnM,0.08057105451838653,31.98649274529289,0.8916388471362162,0.4593542087436648
