method,mean_abs_bias,mean_abs_relbias_var,mean_coverage,mean_rmse
Naive |d|,0.10757984958275334,13.512117554184137,0.9590215740740741,0.4953623307797716
Folded-normal |d|,0.13704481188914563,15.168210433317416,0.95533625,0.4875556184528973
