family,method,mean_abs_bias,mean_abs_relbias_var,mean_coverage,mean_rmse
|d|,Naive |d|,0.10757984958275334,13.512117554184137,0.9590215740740741,0.4953623307797716
|d|,Folded-normal |d|,0.13704481188914563,15.168210433317416,0.95533625,0.4875556184528973
lnM,Delta lnM,0.10533319295011288,77.9632070452951,0.9102396804206763,0.3985639436286863
lnM,SAFE lnM,0.08057105451838653,31.98649274529289,0.8916388471362162,0.4593542087436648
